material,title,answer key1 ,answer key2,我的作答,
"材料 1
某高速公路的月明湖服务区，被网友誉为“最美园林文化服务区”。该服务区
里有江南百年古桥，月明湖水流淌，桥廊相连，穿插亭台楼阁，耳边昆曲悠悠萦绕，
一派“梦里水乡，诗画江南”的惬意生活图景。在服务区大厅入口，总服务台提供
导览、ETC 充值、交通旅游咨询等服务，主通道有智能指路机推荐最合理的行走路
线，停车场里智慧停车系统引导车流，公厕配备新风系统、人流智能引导系统。服
务区还展示了昆曲、评弹等传统艺术和苏绣、缂丝、宋锦、核雕等非遗技艺，以及
月明湖大闸蟹特色饮食文化等。服务区还为青少年准备了集互动娱乐与科普教育于
一体的科技体验馆、3D 全息屏幕数码馆、海鲜机器人餐厅……这里， 既是高速公路
的驿站，也成为进入城市的“第一扇门”，彻底改变了游客对服务区的刻板印象，
成功变身为旅游的“新景点”，甚至有人不惜绕路来此打卡。
在西南 A 市和 B 市两地，运行着一趟兼有 VIP 家庭包房、KTV 和酒吧的双层
旅游列车，夕发朝至，实现 AB 两城一线牵。这趟“网红列车”，车内装饰颇具民
族特色，如彝族手工绣饰的坐垫、白族手工扎染的桌布、布依族蜡染式样的窗帘
等；列车途经多个少数民族聚居地和著名景点，乘务员们身着沿途各民族服饰并熟
练掌握普通话、英语、少数民族语言和简单手语。列车提供硬卧、软卧和 VIP 
家庭包房供旅客选择，餐车提供当地特色美食，可以线上点餐、送餐到包厢。酒
吧车厢可欣赏歌舞表演，或进行自助 K 歌、弹钢琴、打手鼓等活动。“我喜欢选
择这种火车游，很享受坐着火车慢慢体验车内车外独特风景的过程。”乘客王女
士开心地说。
H 车辆段动车所是 H 铁路局的动车组检修站，专门针对动车组列车进行检查、
测试、维修和养护等作业，是动车组列车返回后的“休整”之地，被形象地称为“动 车
之家”。今年，H 铁路局推出了体验式“铁路工业游”。这让 15 岁的火车迷小明兴奋
不已。“真是太棒了！当了一回动车司机！我亲身体验动车模拟驾驶，还学 习了
如何给动车刹车、加速呢！”一天的研学旅游中，他走进酷似“陆地航母”的 动车
停车场，感受了那一列列动车完成检修、蓄势待发的气势；参观“106 广场”， 了解
了中国火车从普通轨道时代到高铁时代所经历的 106 年发展历程；游历“动车检修
大库”，近距离观察了动车检修的全过程；触摸“机车长廊”上整排的火车 机车，就
像慢慢翻阅着一部不断更迭的中国火车发展史。此次游历，也让工业强 国的种子
在他心中深深地扎下了根。
“地铁站里还有博物馆？这也太牛了吧！”正用手机翻阅本地新闻的朱先生对
妻子说，“周末我们也带孩子去那儿体验下呗，地铁公交都很方便。”朱先生所说
的“地铁站里的博物馆”，正是 C 市刚建成开放的运济古城西关遗址博物馆。2015 
年，C 市在修建地铁 3 号线过程中发现了明清时期运济古城的西关城门城墙遗址。
为了保护西关遗址，经过多轮研究设计，相关部门最后决定变更设计方案：将整个
近 3 万多平方米的场地，打造成一个集主题公园、遗迹展示、交通集散、城市商圈
等多种功能叠加的现代化城市综合体。地面一层是西关遗址公园文化广场， 有大
片绿地和健身步道，下沉的景观台阶和天窗便于欣赏遗迹风貌。地下一层是遗址博物
馆展厅，有 2.5 万多平方米核心展示空间，以青砖、土墙为主复原了西关城门城墙
的环境风貌。地下二层是地铁换乘中心，有一个宽敞的中庭集散大厅， 地铁 3 号线、5
号线以及远期的 16 号线在此换乘，各线出入站的人流互不交叉， 高峰时期站台
也畅通无阻。此外，地铁通道各出口直接连通周边的大型购物广场、步行街、美食城
及酒店，为市民游客提供良好的观展、游玩、休憩、购物和乘车
公众号：考公小镇
公众号：考公小镇
换乘体验。
为了在新时代共同弘扬大蜀道“活态”的交通历史文化线路遗产的当代价值，
2020 年 9 月 28 日在 G 市第十届大蜀道文化旅游节上，“大蜀道文化旅游发展联
盟”正式成立，30 个市县区成员加入联盟。联盟内的蜀道旅游资源十分丰富，如
被称为“中国交通历史博物馆”的明月峡，集“先秦古栈道、金牛驿道、嘉陵江水道、
纤夫道、宝成铁道、108 国道”古今六道于一峡中；蜀道翠云廊段，两侧耸立的古
柏雄伟苍劲，已历经两千多年的寒暑风霜；“一夫当关，万夫莫开”的剑门关，身
临其境依然能感受到剑阁崔嵬、蜀道之难。蜀道既是巴蜀与关中、中原在漫长历史
时期联系与交往的交通线路，也是多种文化交流融合的文化线路。为此， 联盟各成员
约定本着“沟通、协作、务实、共赢”的原则，结合区域发展、环境保护、交通运
输、餐饮服务，共同开展保护研究，共同开发徒步观光、蜀道自驾、文化体验等
旅游产品，在此基础上共塑旅游品牌，共建产业体系，共同打造大蜀道国际旅游目
的地。","1. “给定材料 1”呈现了交通旅游融合发展的几个案例，请你谈谈这些案例各
自体现出了哪些亮点。（15 分）
要求：全面、准确，有条理。不超过 350 字。","1.月明湖服务区:打造当地典型景观，内部环境美;服务完善，配备人性化、智能化设备;展示多样化的非物质文化;设置兼具娱乐和教育功能的设施，服务青少年。
2.双层旅游列车:车内展现民族特色，提供多种语言服务，设置多种包厢，服务周到，娱乐活动丰富;沿途景观典型。
3.体验式”铁路工业游”:设置亲身体验环节，参与感强;依托检修站原有场地、功能，开发参观项目;建设新
场地，延伸新项目，突出教育功能。4.西关遗址博物馆:建设遗址公园，保护和利用相结合;设置展厅，展示复原后的遗址环境风貌;换乘路线设计科学，人流畅通无阻;直通周边商圈，提供良好体验。
5.大蜀道文化旅游发展联盟:区域协作，整合旅游资源，共同开展保护研究，共同开发旅游产品，共塑品牌，共建产业体系。","1、月明湖服务区变身旅游景点，改变服务区刻板印象。服务区建成江南水乡生活图景;服务完善;展示非遗技艺和特色饮食文化;为青少年提供互动娱乐与科普:教育。2、双层旅游列车，火车游慢慢体验车内车外独特风景。车内民族特色装饰，途经多个少数民族聚居地和景:点;娱乐服务设施完备，兼有VIP家庭包房、KTV和酒吧，提供特色美食。3、体验式”铁路工业游""，弘扬工业强国精神。可亲身体验模拟驾驶，观察动车检修的全过程，了解中国火车发展史。4、“地铁站里的博物馆""，地铁站与古城遗址融合打造现代化城市综合体，集主题公园、遗迹展示、交通集散、城市商圈等多种功能叠加。5、大蜀道文化旅游发展联盟，共同弘扬交通历史文化线路遗产的当代价值。整合旅游资源，共同开展保护研究，共同开发旅游产品，共塑品牌，共建产业体系。",1、月明湖服务区：融入园林文化，展现惬意生活图景；服务全面，设备智能化；展示当地特色文化；配备青少年娱乐科教一体化场所；成为进入城市第一扇门、旅游新景点。2、“网红列车”：装饰有民族特色；途径少数民族聚居地和著名景点；乘务员着民族服饰并掌握多种语言；提供多样空间、特色美食、娱乐活动，可线上点餐、送餐到包厢。3、体验式“铁路工业游”：可亲身体验模拟驾驶，研学旅游，项目丰富，展现中国火车发展史，激发工业强国梦。4、“地铁站博物馆”：保护遗址的同时，打造成集主题公园、遗迹展示、交通集散、城市商圈等多功能叠加的现代城市综合体。5、“大蜀道文化旅游发展联盟”：区域联盟，整合旅游资源，共同保护研究、开发旅游产品，共塑旅游品牌，共建产业体系，共同打造国际旅游目的地。,
"材料 2
2021 年 8 月 28 日，H 市北溪县召开了农村公路提升工程动员会。
会上，王副县长指出，农村公路是按照公路工程技术标准修建的县道、乡道、村
道及其所属设施，建设好、管理好、养护好、运营好农村公路，是建设人民满意交
通的基础性工作，也是城乡一体化融合发展的重要保障。今后三年，全县将以农村公
路提升工程为契机，在保证农村公路通达性、快捷性的基础上更加重视其景观性、服
务配套性建设，要将农村公路风景廊道建设与农村环境治理、“美丽乡村”建设紧密结
合起来，打造自然景观与人文景观和谐交融的农村公路，为全县乡村振兴和农业农村
现代化建设注入澎湃动力。
2020 年底，北溪全县基本实现了县到乡、乡到行政村、行政村到村民小组
100%通水泥路的目标。为了准确掌握全县农村公路建、管、护、运营的实际情
况，制定出切实可行的农村公路提升工作方案，由县交通运输局、财政局、农业
农村局、乡村振兴局等组成的联合调研组，于 2021 年 9 月开始对全县乡镇的农
村公路进行了为期一个月的实地调研。
按照《北溪县农村公路建设和养护管理办法》规定，县人民政府是农村公路发
展的责任主体，负责本行政区域内农村公路规划、建设、管理、养护、运营工
公众号：考公小镇
作。乡（镇）人民政府是乡道建设和养护管理的主体，乡（镇）交管办公室具体
承担乡道的日常养护和组织实施乡、村道大中修工程。村民委员会是村道建设和
养护管理的主体，村民委员会按照村民自愿、民主决策、一事一议的方式组织村
道建设和日常养护管理，维护村道的路容路貌，制止村道的占道、破坏行为。村
组的道路，其建设和养护管理主体为受益的村民小组。调研组在现场调查和走访中
发现，全县已彻底解决了多年来农村行路难问题，畅通的农村道路让群众出行和农
产品外运更加便捷，有效带动特色种养、客货运输、乡村旅游等产业，促进了农
民增收致富。不过，农村公路养护管理中也还存在一些明显短板。如部分乡道、村
道的道路硬化通车后，相关部门就不养不管、好坏不问了；部分村委会没有建立相
应的村组道路管养制度，而村民也对农村公路建、管、护、运营规定知之甚少。
在三里坡村，调研组就村民参与村组道路管养情况进行了入户走访。面对调研组的
询问，村东头的老王诧异地说：“公路管养不是乡政府的事吗？跟我有啥子关系
嘛。”
“我们乡每年汛期山洪、泥石流造成的道路塌方、下陷、掏空、堵塞得不到
及时抢修，致使乡村道路损坏严重，后期修复费用很高。”东七乡的吴乡长向调
研组介绍说，“目前村里大都没有公路养护站和护路员，懂得公路养护技术知识
的人也少。因此，没有人负责组织公路日常养护工作，村组道路路产路权缺乏保
护。”
调研组在山南乡走访时发现，修筑于山坡峡谷之间的村道山高坡陡，临水临崖
路段防护栏老化，弯道处标识牌模糊不清，塌方路段也无警戒线以及其他保护措施等。
“村级公路养护监督检查确有诸多漏洞。一些山坡峡谷路段，车流量小， 如果没
有群众反映，我们很难发现道路养护上出现的问题。目前，我们正在研究加强监督
检查的措施。”山南乡党委洪书记解释道。
随着国家农村公路通达工程不断深入，农村客运站、招呼站和快递点越来越
多，基本建成了覆盖县、乡（镇）、村（社区）三级的农村客运物流网络，方便
群众生产生活。不过，调研组发现，由于缺乏有效的沟通配合机制，有些乡镇与
村组道路的环境整治、养护和绿化，即使发现了问题也是“各人自扫门前雪”，得
不到及时解决。如清溪中学门前因交通事故导致道路护栏、绿化带损毁严重，交
管部门接到通知后，护栏及时得到了更换，绿化带却长时间无人修复；清溪河附
公众号：考公小镇
近道路警示桩随意堆放路边、大量生活垃圾无人收运处理，给群众出行带来安全
隐患，环保部门接到投诉后及时对垃圾进行了清理，警示桩却无人过问……","2. 请你根据“给定资料 2”调研组的调查走访情况，梳理出北溪县在农村公路
养护管理工作中存在的主要问题，并提出解决问题的建议。（20 分）
要求：
（1） 问题梳理全面、准确、有条理；
（2） 所提建议与问题相对应，具体明确、切实可行；
（3） 不超过 450 字。","1.问题:养护主体责任缺位。道路建成后养护管理缺位，村组道路管养制度缺失，村民对公路建、管、护、运营规定认知不足。2.对策:严格落实《管理办法》，督促各责任主体承担道路管养任务;引导各村村委会，根据实际情况建立村组道路管养制度;加强对村民的宣传教育，使其明确相关规定和自身责任。二、1.问题:村组道路缺乏保护。村内缺乏公路养护站和护路员，懂得养护技术知识的人少，无人负责组织养护工作。2.对策:增设公路养护站，设置护路员;加强宣传教育让村民掌握公路养护知识，及时抢修。三、1.问题:监督检查存在漏洞。对车流量小的山坡峡谷等特殊路段，监督检查不足，难以发现养护问题。2.对策:畅通监督反馈渠道，制定奖励机制，发动群众发现道路问题;特殊路段配备摄像头等监控硬件设备，及时发现道路问题。
四、1.问题:沟通配合机制欠缺。负责环境整治、养护和绿化工作的各部门各自为政，信息沟通不足，问题得不到及时解决。2.对策:各主管部门建立沟通机制，发现问题时及时通知其他责任部门，加强协作，共同解决道路问题。",问题主要体现在以下几个方面:1.农村公路养护中各责任主体职责不清，责任意识淡薄;2.农村公路养护各部门缺少沟通配合机制;3.未建立起完善的村组道路养护管理以及监督制度;4.公路养护中专业技术人员匮乏。针对以上问题，提出如下建议:1.明确公路养护中各责任主体的职责，通过宣传和学习，提升各主体参与公路管养的意识;2.建立起完善、长效的沟通配合机制，使各部门形成合力，及时解决公路养护中的重点及难点问题;3.建立村组养护管理制度，设立专业养护站。同时，建立常态化的监督检查机制，鼓励村民积极参与;4.加大公路养护技术人员的引进，或者对村民通过培训和学习，提升他们的专业技术水平。,一、问题:公路道路硬化通车后，缺乏后续管理，未建立相应管养制度，村民不了解农村公路规定，公路管养意识淡泊。建议:1.强化监督落实，建立长效化管理机制。2.建立科学管养制度，完善奖惩措施，组建工作专班。3.召开村民大会，宣传农村公路规定，提高责任意识。二、问题:受自然灾害影响，道路抢修不及时，道路损坏，修复费用高，无人负责公路日常养护，路产路权缺乏保护。建议:1.设立公路抢修队，及时维修公路。2.设置公路养护站和护路园，组织相关技术知识培训。3.加强公路日常养护，维护道路路产路权。三、问题:村道山高路段，部门路段防护栏老化，标识牌模糊，塌方路段无保护和警示措施，监督检查存在漏洞，问题难发现。建议:1.定时检修相关设施，塌方路段设置警示和保护措施。2.强化监督检查，拓宽反馈渠道，发动群众配套奖励制度。四、问题:缺乏有效沟通配合机制，缺乏协作配合，道路环境整治、养护和绿化无法及时解决。建议:1.加强上下级和各部门协助，联合成立执法队伍，加大执法力度。2.落实主体责任，建立监督举报机制，对落实不力部门给予处罚，明确处罚标准。,
"材料 3
2021 年 9 月 10 日，F 市教育局、市基础教育改革与发展研究中心召开全市“五
育融合”教育教学改革实践研讨会。F 市第三中学任校长在会上做了经验分享，
以下是其发言内容：
《中国教育现代化 2035》提出，要更加注重全面发展，大力发展素质教育，
促进德育、智育、体育、美育和劳动教育的有机融合。“五育”分别承载着自身的育
人目标和价值，在各司其职的基础上走向融合，达到彼此渗透、创新融活，共同促
进学生的全面发展、整体发展、个性发展。
经过多年的教育改革和创新实践，我校确实取得了一些办学成绩，也获得较
高的社会荣誉，被批准为省教育科研基地学校、全国首批普通高中课程改革基地学
校、全国首批示范性高中建设学校、国家级体育传统项目学校等。在学校的发展过
程中，我们始终根植于学校原有历史传统的沃土，进行大胆创新探索，形成了“五
育”教学各美其美、相互融合的育人模式。
一直以来，我校将党建工作和德育有机结合，党员教师在思想和教育工作上始
终发挥着模范引领作用。与此同时，我们又大力打造德育课程一体化：德育智慧课程，
包括思想政治课程、家国情怀和责任培养课程，保证教学质量和育人效果的融通；德
育情感课程，包括感恩教育、传统文化等方面的课程，培养学生高尚情操和文化认同，
让其情动而辞发；德育意识课程，包括遵纪守法、规范养成、生命教育等类型的课程，
由内而外增加德育的效果；德育行动课程，包括身心健康、艺术审美、创意社团等
方面的课程，构建起浸润渗透性德育课程，形成综合育人、多元育人、特色育人的
模式。
课程是落实教育内容、完成培养目标的重要载体。我校大力加强课程教学模式
的研究，坚持教学相长，注重启发式、互动式、探究式教学，鼓励学生多动手、多动
口、多动脑，发挥学生的主观能动性，促进学生认知的发展。在我们学校， 课
程内的学习不仅仅是启发学生智力、增长学科知识的主要手段，学校的一切教育
活动均被纳入了课程的范畴。我们将课程对标“德智体美劳”总体育人目标和各学科
课程标准，构建“德智体美劳”五大类课程群，将每个教学单元打造成育人单
公众号：考公小镇
元，将教学目标、教学内容、教学过程、教学资源以及课程评价等相关工作紧密结
合，建立起教师发展带领学生发展、学校发展的课程有机融合系统，这也让我校的
“五育”融合教育改革和教学实践充满着不竭动能与活力。
自学校创办时，我校便组建了足球队，成为我国最早开展校园足球运动的学 校
之一。这一传统至今从未间断，足球已植根于每个三中人的心中，成为最重要、最独特
的校园文化印记，形成了特色，且赢得了无数奖杯。在三中，足球的传承 超越时空和
年龄限制，即使是 80 岁的老校友也可以回校踢一脚，与年轻学子一起感受足球的
魅力。在我们学校，足球教育带动了各项体育运动的蓬勃发展。虽 然不是每个走上
运动场的学生都能成为体育明星，但是从小接受体育精神的熏陶， 积极参与体育锻
炼，能使他们拥有团结勇敢、坚忍不拔的优良品质，成为身心两 健的未来社会建设
者。
让音乐在校园中流淌，让美与人在校园里相遇、相知。我校的学生合唱团历
史悠久，多次登上大赛领奖台，已成为学校的一张靓丽名片。近年来，我校合唱团
多次受邀参加国家级大型活动展演，走进社区、敬老院进行公益表演，不但传播
了艺术之美，还实现了超越音乐本身的价值。我们组织了高强度的训练来培养他们，
同时引导他们学习处理学业和合唱训练的双重任务和压力。大家既锻造出了刚毅
坚强的品格，也培养出了同舟共济的团队精神。
劳动教育是从志愿服务开始的。志愿服务项目是我校“五育”融合育人模式的
重要载体，它让德智体美劳在实践中贯通融合为一体。为此，我们建立了学生志愿
服务考核机制，让“学习雷锋、奉献他人、提升自己”的志愿服务理念真正落地。全
国足球赛事志愿者、洁净沙滩志愿者、春运志愿者、海岛游览区志愿者等等，
都是三中学生的社会角色。同时，我们将劳动教育渗透到各学科之中，从学科实践
入手，劳动与技术通过专业教师的指导渗透到学科教学之中。如组织学生到博物馆
提供义务讲解，既传播了优秀传统文化，也增强了学生社会责任感和实践能力；成立
文化小使者服务队，制作文创产品，将美术、物理、化学、文学、历史等学科知识引
入到劳动之中，沉浸式培养了学生的兴趣爱好、审美情趣和个性特长，使之成为具有
社会使命感和专业精神的社会服务者。","3.F 市教育局准备根据“给定资料 3”中任校长的发言稿编一期简报，推广第三
中学“五育”融合育人的做法。请你为该简报撰写一则“编者按”。（15 分）
要求：全面、准确、简明扼要。不超过 250 字。","编者按:近日，在我市”五育融合“教育教学改革实路研讨会上，第三中学任校长分享了“五育”教学各美其美、相互融合的育人模式，其经验核心有:德育方面，将党建工作和德育结合，同时打造德育课程一体化;智育方面，将一切教育活动纳入课程范畴，构建""德智体美劳""课程群，建立起课程有机融合系统;体育方面，传承足球运动传统，并以此带动各项体育运动蓬勃发展;美育方面，发展合唱团，积极参与大型展演和公益表演;劳动教育方面，开设志愿服务项目并建立考核机制，并将劳动教育渗透到各学科。希望本期简报的内容能引发更多的思考。","编者按:近日，在我市”五育融合“教育教学改革实路研讨会上，第三中学任校长分享了“五育”教学各美其美、相互融合的育人模式，其经验核心有:德育方面，将党建工作和德育结合，同时打造德育课程一体化;智育方面，将一切教育活动纳入课程范畴，构建""德智体美劳""课程群，建立起课程有机融合系统;体育方面，传承足球运动传统，并以此带动各项体育运动蓬勃发展;美育方面，发展合唱团，积极参与大型展演和公益表演;劳动教育方面，开设志愿服务项目并建立考核机制，并将劳动教育渗透到各学科。希望本期简报的内容能引发更多的思考。",编者按:中共中央、国务院印发的《中国教育现代化2035》提出，要更加注重全面发展，大力发展素质教育，促进德育、智育、体育、美育和劳动教育的有机融合。“五育”分别承载着自身的育人目标和价值，在各司其职的基础上走向融合，达到彼此渗透、创新融活，共同促进学生的全面发展、整体发展、个性发展。F市第三中根植于学校历史传统，进行大胆创新探索，将课程对标“德智体美劳”总体育人目标和各学科课程标准，构建“德智体美劳”五大类课程群，形成了“五育”教学各美其美、相互融合的育人模式。本期简报分享其经验，供参阅,
"材料 4
“卖空了，卖空了，都来不及补货了！”M 食品公司创始人黄总兴奋地说。原
公众号：考公小镇
来，在首届“粤港澳大湾区购物节”期间，公司准备的近 10 万盒月饼，短短 10 天
就被抢购一空。
首届“粤港澳大湾区购物节”，将粤港澳三地的优质商品置于一个购物场景中，
让大湾区街坊最爱的系列品牌和老字号，借着购物节的东风拓展更大的市场，体
现了湾区经济创新融合的活力。
随着粤港澳一体化融合，越来越多的湾区品牌也步入“多城协同”的发展模式。
“我们虽然把研发团队和工厂设在香港，将电商团队、直播团队和物流仓库放在
深圳，但是各团队之间已经形成了交互顺畅、协作高效的工作模式，与内地合作 伙
伴如知名电商、百货公司、大型超市等建立了良好的合作机制。”黄总介绍说， 去年
起公司就与某直播间合作带货，场场火爆，品牌知名度和销售量大大提高， 今年
又在直播平台、大型电商平台建立起了常态化的品牌直播。“做店铺直播， 可以
让消费者直接观看产品的外观和馅料，避免货不对板的现象，增强与消费者 的互
动交流，建立信任。相比去年，今年月饼销量同比增长了 40%~50%。”
其实，M 公司成立仅有 4 年。“在国外读书的时候，能吃到很多做工精致又
美味的西式点心，但始终心心念念的中式糕点却难寻踪影。”从那时起，将中华
传统糕点发扬光大的种子就深深埋在了黄总的心里。2012 年，黄总辞去某酒店
高管职务，开始创业。“新品牌从零开始，想要闯出名堂，就只能踏踏实实做质
量、做味道。无论机器、厂房、食材、工艺流程等，每一项工作，都必须认认真真、
用心对待，才能传承品质留住传统的味道。”基于这种思想，他前前后后筹备了
近 6 年，直到 2018 年，公司才真正投入运营。
“馅料一定要控制好，因为如果太稠，它就不能流动；如果太稀，它就会流
得只剩一个壳。只有慢慢流出来的才是最好的……”饼艺大师陈师傅一讲起月饼制
作技艺总是滔滔不绝。创业初期，经过黄总多次邀请，陈师傅才加入了 M 公司。
“陈师傅曾是知名酒店的点心大师傅。他入行 50 多年来，研发出了各种风味、
口感的月饼，用自己的双手为人们带来交口称赞的美味点心……而我是用两个字
来打动他的，那就是‘传承’，因为陈师傅非常热爱饼艺，也很想将其技艺传承下
去。”除陈师傅之外，还有一批具有精湛技艺的制饼师傅被黄总邀请加盟。他们
齐心协力，留住传统味道，研发出多种产品，踏实用心经营，使这个新兴品牌成立
才 4 年，就积累了不少回头客。“我们会根据顾客的建议调整口味，改进产品。”
公众号：考公小镇
黄总说，去年月饼推出后，有不少顾客反映，希望减少含糖量、加重咸蛋黄的香味，
师傅们于是竭力调整，口味改进后的月饼广受欢迎。
“我非常喜欢这个品牌的月饼，此前是托朋友从香港实体店买回来的，而现
在只要从线上下单后，隔天就可以收到。”居住在中山市的美食博主小付介绍说，
“这种月饼很受我们年轻人追捧，不用加热也可以感受到满满的流心，甜度适中，
奶香味和咸蛋黄的香味融为一体，外皮也是十分细腻。不愧是连续三年获得世界食
品质量评鉴大奖的品牌！”
“过去两年，虽然有疫情影响，但我们始终坚持不辞退员工，并想方设法在
逆市中扩展业务，先后开了 20 多家分店，产品也获得了更多顾客的认同。”谈及
未来，黄总说，“我对公司的发展前景充满信心。今后最根本的仍然是一心一意
做好味道和质量，希望能将好吃的中华美食带给更多人。","4. “给定资料 4”中 M 公司的黄总对公司的发展前景充满信心，你认为他为
什么有这样的信心？（15 分）
要求：分析全面，条理清晰。不超过 350 字。","1.销售形势向好。线下依托粤港澳一体化建设和大湾区购物节，拓展市场，销量猛增;线上开展直播合作带货和常态化品牌自播，提高品牌知名度和销售量。2.协同模式增效。建立起”多城协同""模式，团队间交互顺畅、协作高效，与内地合作伙伴建立起良好的合作机
制。3.经营思路端正。坚守发扬光大传统糕点的初心，踏实经营，认真、用心对待每一项工作，长期筹备，厚积薄发。
4.团队优秀稳定。邀请经验丰富、技艺精湛且热爱饼艺的制饼师傅加入，共同传承技艺;逆市中坚持不辞退:员工，努力拓展业务。
5.消费者高度认可。留住传统味道的同时研发多种产品，品质高，积累大量回头客;能够根据顾客建议改进产品，满足消费者需求。",1、外部环境好，粤港澳三地一体化融合，湾区经济创新融合有活力。一是便于拓展更大的市场;二是采用“多城协同”的发展模式，研发、工厂、销售、物流等团队间交互顺畅、协作高效，内地合作伙伴建立了良好的合作机制。2、新销售模式有优势，建立起了常态化的品牌直播，能增强与消费者的互动交流，建立信任。3、经营思想坚定，一是心念中式糕点，立志将中华传统糕点发扬光大。二是坚持踏踏实实做质量、做味道。4、创业团队强大。有饼艺大师陈师傅等一批具有精湛技艺的制饼师傅加盟，齐心协力，留住传统味道，研发出多种产品。5、产品广受顾客认同。根据顾客的建议竭力调整口味，不断改进产品。6、面对困境有担当，面对疫情影响，坚持不辞退员工，设法逆市拓展业务。,一、经营基础牢固:随着粤港澳一体化融合，湾区经济创新活力十足，借“多城协同”发展模式的东风，形成了交互顺畅、协作高效的工作模式，与合作伙伴建立了良好机制。二、坚持匠心理念:筹备近6年，踏踏实实做质量、做味道。无论机器、厂房、食材、工艺流程等，每一项工作，都认认真真、用心对待，致力于传承品质留住传统味道，将中华传统糕点发扬光大。三、团队竞争力强:有热爱饼艺，从业50多年，研发出各种风味、口感月饼，获消费者和行业认可的点心大师傅，还有一批技艺精湛的制饼师傅。团队专业水平高，凝聚力强。四、产品广受认可:产品丰富，且不断根据顾客建议调整口味，改进产品。产品受消费者尤其受年轻人追捧，连续三年获得世界食品质量评鉴大奖的品牌!五、增长趋势良好:疫情期间，坚持不辞退员工，先后开了20多家分店，在逆市中扩展业务,
,,,,,
,,,,,
,,,,,
,,,,,
,,,,,
,,,,,
,,,,,
,,,,,
,,,,,
,,,,,
,,,,,
,,,,,
,,,,,
,,,,,
,,,,,
,,,,,
,,,,,
,,,,,
,,,,,
,,,,,
,,,,,
